hhid,netnum_001,brand,shpnet,clrnet,netcampaign,netid,placenet,slplace,slpundr,nslpundr,nslpundrspec,usdnet,usdnet/1,usdnet/2,usdnet/3,usdnet/4,usdnet/5,usdweek,everwash,ever6wash,washsoap,netdry,holesever,hwholes,hwholes/1,hwholes/2,hwholes/3,hwholes/4,hwholes/5,hwholes/6,hwholes/7,numhole1,numhole2,numhole3,numhole4,numrpr,prtrprs,netmodfy,hnetmodfy,spfymodfy,_index,_parent_table_name,_parent_index,_submission__id,_submission__uuid,_submission__submission_time,_submission__validation_status,_submission__notes,_submission__status,_submission__submitted_by,_submission___version__,_submission__tags,uniqueid,final_date
12211011,1,PermaNet Dual,Rectangular,All white,December,GD051,Hanging loose over sleeping place,Bed frame (sticks),Yes,,,Adult,0.0,0.0,0.0,0.0,1.0,Every night (7 nights),Yes,1.0,Soap,Outside on line,Yes,Pulled and tore Rats or mice,0.0,1.0,0.0,1.0,0.0,0.0,0.0,1.0,3.0,0.0,0.0,0.0,1.0,No,,,1,Vestagaard LLIN Durability Survey,1,475903966,49012758-d67a-43d7-a471-ee0a1875fa1d,2025-05-08 10:47:57,,,submitted_via_web,llindurability,vupRbCWxBHapXL9iYfNLMt,,12211011_GD051,2025-05-08
12211011,1,PermaNet Dual,Rectangular,All white,December,GD051,Hanging loose over sleeping place,Bed frame (sticks),Yes,,,Adult,0.0,0.0,0.0,0.0,1.0,Every night (7 nights),Yes,1.0,Soap,Outside on line,Yes,Pulled and tore Rats or mice,0.0,1.0,0.0,1.0,0.0,0.0,0.0,1.0,3.0,0.0,0.0,0.0,1.0,No,,,1,Vestagaard LLIN Durability Survey,1,475903966,49012758-d67a-43d7-a471-ee0a1875fa1d,2025-05-08 10:47:57,,,submitted_via_web,llindurability,vupRbCWxBHapXL9iYfNLMt,,12211011_GD051,2025-05-08
12210512,1,PermaNet Dual,Rectangular,All white,November,GPD101,Hanging loose over sleeping place,Bed frame (sticks),Yes,,,Adult,0.0,0.0,0.0,0.0,1.0,Every night (7 nights),Yes,2.0,Soap,Outside under shed,Yes,In another way,0.0,0.0,0.0,0.0,0.0,1.0,0.0,1.0,0.0,0.0,0.0,0.0,0.0,No,,,2,Vestagaard LLIN Durability Survey,2,475909376,b8e05ca0-bc95-412c-8c72-7cd06319fd39,2025-05-08 10:57:09,,,submitted_via_web,llindurability,v4ycBxKUd7SEpMVknXWEWq,,12210512_GPD101,2025-05-08
12210512,2,PermaNet Dual,Rectangular,All white,November,GPD102,Hanging and folded up or tied,Reed mat,Yes,,,Young child (1-4 yrs),0.0,1.0,0.0,0.0,0.0,Every night (7 nights),Yes,2.0,Soap,Outside under shed,Yes,In another way,0.0,0.0,0.0,0.0,0.0,1.0,0.0,5.0,2.0,0.0,0.0,0.0,0.0,No,,,3,Vestagaard LLIN Durability Survey,2,475909376,b8e05ca0-bc95-412c-8c72-7cd06319fd39,2025-05-08 10:57:09,,,submitted_via_web,llindurability,v4ycBxKUd7SEpMVknXWEWq,,12210512_GPD102,2025-05-08
12210521,1,PermaNet Dual,Rectangular,All white,November,GPD103,Stored away unpacked,Never used,,,,,,,,,,,No,,,,No,,,,,,,,,,,,,,,No,,,4,Vestagaard LLIN Durability Survey,3,475909391,4e0cce2b-ba16-4663-98b5-f25366a50bf0,2025-05-08 10:57:10,,,submitted_via_web,llindurability,v4ycBxKUd7SEpMVknXWEWq,,12210521_GPD103,2025-05-08
12210521,2,PermaNet Dual,Rectangular,All white,November,GPD104,Hanging loose over sleeping place,Foam mattress,Yes,,,Adult,0.0,0.0,0.0,0.0,1.0,Every night (7 nights),Yes,4.0,Soap,Outside on line,Yes,Pulled and tore,0.0,1.0,0.0,0.0,0.0,0.0,0.0,16.0,3.0,0.0,0.0,0.0,0.0,No,,,5,Vestagaard LLIN Durability Survey,3,475909391,4e0cce2b-ba16-4663-98b5-f25366a50bf0,2025-05-08 10:57:10,,,submitted_via_web,llindurability,v4ycBxKUd7SEpMVknXWEWq,,12210521_GPD104,2025-05-08
12210508,1,PermaNet Dual,Rectangular,All white,November,APD105,Hanging and folded up or tied,Foam mattress,Yes,,,Adult,0.0,0.0,0.0,0.0,1.0,Every night (7 nights),Yes,3.0,Soap,Outside bush or fence,Yes,Pulled and tore In another way,0.0,1.0,0.0,0.0,0.0,1.0,0.0,2.0,0.0,0.0,0.0,0.0,0.0,No,,,6,Vestagaard LLIN Durability Survey,4,475909398,b63ce955-b4b6-48ad-862b-7a1b776ce076,2025-05-08 10:57:11,,,submitted_via_web,llindurability,v4ycBxKUd7SEpMVknXWEWq,,12210508_APD105,2025-05-08
12210525,1,PermaNet Dual,Rectangular,All white,November,GPD106,Hanging loose over sleeping place,Bed frame (sticks),Yes,,,Adult,0.0,0.0,0.0,0.0,1.0,Every night (7 nights),No,,,,Yes,Rats or mice,0.0,0.0,0.0,1.0,0.0,0.0,0.0,5.0,0.0,0.0,0.0,0.0,0.0,No,,,7,Vestagaard LLIN Durability Survey,5,475909405,5f9a683a-7fbb-40d1-b27c-1063fded579c,2025-05-08 10:57:11,,,submitted_via_web,llindurability,v4ycBxKUd7SEpMVknXWEWq,,12210525_GPD106,2025-05-08
12211101,1,PermaNet Dual,Rectangular,All white,November,gpd001,Hanging and folded up or tied,Reed mat,Yes,,,Adult,0.0,0.0,0.0,0.0,1.0,Every night (7 nights),Yes,1.0,Soap,Outside under shed,No,,,,,,,,,,,,,,,No,,,8,Vestagaard LLIN Durability Survey,6,475910308,6b32456d-68e4-4bda-8d54-709befe7e50a,2025-05-08 10:58:32,,,submitted_via_web,llindurability,v4ycBxKUd7SEpMVknXWEWq,,12211101_gpd001,2025-05-08
12211109,1,PermaNet Dual,Rectangular,All white,November,GD003,Hanging loose over sleeping place,Foam mattress,Yes,,,Adult,0.0,0.0,0.0,0.0,1.0,Every night (7 nights),Yes,5.0,Soap,Outside under shed,Yes,Do not recall,0.0,0.0,0.0,0.0,0.0,0.0,1.0,2.0,2.0,0.0,0.0,0.0,0.0,No,,,9,Vestagaard LLIN Durability Survey,7,475910377,b6eb1eab-5d12-4d80-8f53-34adb12d551a,2025-05-08 10:58:39,,,submitted_via_web,llindurability,vupRbCWxBHapXL9iYfNLMt,,12211109_GD003,2025-05-08
12211105,1,PermaNet Dual,Rectangular,All white,November,GP004,Hanging loose over sleeping place,Foam mattress,Yes,,,Adult,0.0,0.0,0.0,0.0,1.0,Every night (7 nights),Yes,6.0,Soap,Outside on line,Yes,Pulled and tore,0.0,1.0,0.0,0.0,0.0,0.0,0.0,0.0,1.0,0.0,0.0,0.0,0.0,No,,,10,Vestagaard LLIN Durability Survey,8,475910393,5fe75503-e848-4094-a8bc-b182a5970350,2025-05-08 10:58:41,,,submitted_via_web,llindurability,vupRbCWxBHapXL9iYfNLMt,,12211105_GP004,2025-05-08
12211117,1,PermaNet Dual,Rectangular,All white,November,GD005,Hanging loose over sleeping place,Foam mattress,Yes,,,Adult,0.0,0.0,0.0,0.0,1.0,Every night (7 nights),Yes,5.0,Soap,Outside on line,Yes,Torn on object Pulled and tore,1.0,1.0,0.0,0.0,0.0,0.0,0.0,1.0,0.0,0.0,0.0,1.0,0.0,No,,,11,Vestagaard LLIN Durability Survey,9,475910401,9b90ca85-a964-4e05-a07d-e8a747fc8e2c,2025-05-08 10:58:42,,,submitted_via_web,llindurability,vupRbCWxBHapXL9iYfNLMt,,12211117_GD005,2025-05-08
12211125,1,PermaNet Dual,Rectangular,All white,November,GD006,Hanging loose over sleeping place,Reed mat,Yes,,,Older child (5-9 yrs),0.0,0.0,1.0,0.0,0.0,Every night (7 nights),Yes,4.0,Soap,Outside on line,Yes,Torn on object,1.0,0.0,0.0,0.0,0.0,0.0,0.0,0.0,1.0,0.0,0.0,0.0,0.0,No,,,12,Vestagaard LLIN Durability Survey,10,475910414,a8885d67-1831-4f4d-a722-791943d2e7cd,2025-05-08 10:58:44,,,submitted_via_web,llindurability,vupRbCWxBHapXL9iYfNLMt,,12211125_GD006,2025-05-08
12211114,1,PermaNet Dual,Rectangular,All white,November,GD008,Hanging loose over sleeping place,Foam mattress,Yes,,,Adult,0.0,0.0,0.0,0.0,1.0,Every night (7 nights),Yes,4.0,Soap,Outside on line,Yes,Do not recall,0.0,0.0,0.0,0.0,0.0,0.0,1.0,2.0,0.0,0.0,0.0,0.0,0.0,No,,,13,Vestagaard LLIN Durability Survey,11,475910447,afaa2c8b-b0ac-44b8-b5a8-59d30f3443fb,2025-05-08 10:58:47,,,submitted_via_web,llindurability,vupRbCWxBHapXL9iYfNLMt,,12211114_GD008,2025-05-08
12211114,2,PermaNet Dual,Rectangular,All white,November,GD009,Hanging loose over sleeping place,Foam mattress,Yes,,,Adult Young child (1-4 yrs),0.0,1.0,0.0,0.0,1.0,Every night (7 nights),Yes,4.0,Soap,Outside on line,Yes,Do not recall,0.0,0.0,0.0,0.0,0.0,0.0,1.0,5.0,0.0,0.0,0.0,0.0,0.0,No,,,14,Vestagaard LLIN Durability Survey,11,475910447,afaa2c8b-b0ac-44b8-b5a8-59d30f3443fb,2025-05-08 10:58:47,,,submitted_via_web,llindurability,vupRbCWxBHapXL9iYfNLMt,,12211114_GD009,2025-05-08
12211113,1,PermaNet Dual,Rectangular,All white,November,GD010,Hanging loose over sleeping place,Foam mattress,Yes,,,Adult Infant (<1 yr),1.0,0.0,0.0,0.0,1.0,Every night (7 nights),Yes,3.0,Soap,Outside bush or fence,No,,,,,,,,,,,,,,,No,,,15,Vestagaard LLIN Durability Survey,12,475910481,7a280aca-3939-42a5-bc59-1992fb2f0608,2025-05-08 10:58:49,,,submitted_via_web,llindurability,vupRbCWxBHapXL9iYfNLMt,,12211113_GD010,2025-05-08
12211003,1,PermaNet Dual,Rectangular,All white,December,GD053,Hanging loose over sleeping place,Bed frame (finished),Yes,,,Adult,0.0,0.0,0.0,0.0,1.0,Every night (7 nights),Yes,2.0,Detergent (OMO etc),Outside on the ground,No,,,,,,,,,,,,,,,No,,,16,Vestagaard LLIN Durability Survey,13,476046350,de1739d8-8240-4848-b091-6e92e87003d4,2025-05-08 14:28:39,,,submitted_via_web,llindurability,vpjEKsNjxLbpWFGNanVwTp,,12211003_GD053,2025-05-08
12211003,2,PermaNet Dual,Rectangular,All white,December,GD054,Hanging loose over sleeping place,Bed frame (finished),Yes,,,Adolescent (10-19),0.0,0.0,0.0,1.0,0.0,Every night (7 nights),Yes,2.0,Detergent (OMO etc),Outside on the ground,No,,,,,,,,,,,,,,,No,,,17,Vestagaard LLIN Durability Survey,13,476046350,de1739d8-8240-4848-b091-6e92e87003d4,2025-05-08 14:28:39,,,submitted_via_web,llindurability,vpjEKsNjxLbpWFGNanVwTp,,12211003_GD054,2025-05-08
12211007,1,PermaNet Dual,Rectangular,All white,December,GD055,Hanging loose over sleeping place,Foam mattress,Yes,,,Young child (1-4 yrs),0.0,1.0,0.0,0.0,0.0,Every night (7 nights),Yes,1.0,Soap,Outside under shed,No,,,,,,,,,,,,,,,No,,,18,Vestagaard LLIN Durability Survey,14,476046355,804c25d3-6804-4126-bbaf-35d9b513da5e,2025-05-08 14:28:39,,,submitted_via_web,llindurability,vpjEKsNjxLbpWFGNanVwTp,,12211007_GD055,2025-05-08
12211007,2,PermaNet Dual,Rectangular,All white,December,GD056,Hanging and folded up or tied,Bed frame (finished),Yes,,,Adult,0.0,0.0,0.0,0.0,1.0,Every night (7 nights),Yes,1.0,Soap,Outside under shed,No,,,,,,,,,,,,,,,No,,,19,Vestagaard LLIN Durability Survey,14,476046355,804c25d3-6804-4126-bbaf-35d9b513da5e,2025-05-08 14:28:39,,,submitted_via_web,llindurability,vpjEKsNjxLbpWFGNanVwTp,,12211007_GD056,2025-05-08
12211007,3,PermaNet Dual,Rectangular,All white,December,GD057,Hanging and folded up or tied,Foam mattress,Yes,,,Adolescent (10-19),0.0,0.0,0.0,1.0,0.0,Every night (7 nights),Yes,1.0,Soap,Outside under shed,No,,,,,,,,,,,,,,,No,,,20,Vestagaard LLIN Durability Survey,14,476046355,804c25d3-6804-4126-bbaf-35d9b513da5e,2025-05-08 14:28:39,,,submitted_via_web,llindurability,vpjEKsNjxLbpWFGNanVwTp,,12211007_GD057,2025-05-08
12211013,1,PermaNet Dual,Rectangular,All white,December,GD058,Hanging loose over sleeping place,Bed frame (finished),Yes,,,Adult,0.0,0.0,0.0,0.0,1.0,Every night (7 nights),Yes,3.0,Detergent (OMO etc),Outside under shed,No,,,,,,,,,,,,,,,No,,,21,Vestagaard LLIN Durability Survey,15,476046357,e9f82e2a-de65-4027-99a5-2eae364cac90,2025-05-08 14:28:40,,,submitted_via_web,llindurability,vpjEKsNjxLbpWFGNanVwTp,,12211013_GD058,2025-05-08
12211013,2,PermaNet Dual,Rectangular,All white,December,GD059,Stored away unpacked,Never used,,,,,,,,,,,Yes,0.0,Not washed,Inside,Yes,Rats or mice,0.0,0.0,0.0,1.0,0.0,0.0,0.0,4.0,0.0,0.0,0.0,0.0,0.0,No,,,22,Vestagaard LLIN Durability Survey,15,476046357,e9f82e2a-de65-4027-99a5-2eae364cac90,2025-05-08 14:28:40,,,submitted_via_web,llindurability,vpjEKsNjxLbpWFGNanVwTp,,12211013_GD059,2025-05-08
12211016,1,PermaNet Dual,Rectangular,All white,December,GD060,Hanging loose over sleeping place,Bed frame (finished),Yes,,,Adult,0.0,0.0,0.0,0.0,1.0,Every night (7 nights),Yes,6.0,Soap,Outside on line,Yes,Rats or mice,0.0,0.0,0.0,1.0,0.0,0.0,0.0,0.0,2.0,0.0,0.0,0.0,0.0,No,,,23,Vestagaard LLIN Durability Survey,16,476046364,1928a5e8-f4cb-4dd9-978f-d8f21629bb1d,2025-05-08 14:28:41,,,submitted_via_web,llindurability,vpjEKsNjxLbpWFGNanVwTp,,12211016_GD060,2025-05-08
12211016,2,PermaNet Dual,Rectangular,All white,December,GD061,Hanging loose over sleeping place,Foam mattress,Yes,,,Adolescent (10-19),0.0,0.0,0.0,1.0,0.0,Every night (7 nights),Yes,6.0,Soap,Outside on line,No,,,,,,,,,,,,,,,No,,,24,Vestagaard LLIN Durability Survey,16,476046364,1928a5e8-f4cb-4dd9-978f-d8f21629bb1d,2025-05-08 14:28:41,,,submitted_via_web,llindurability,vpjEKsNjxLbpWFGNanVwTp,,12211016_GD061,2025-05-08
12211011,1,PermaNet Dual,Rectangular,All white,December,GD062,Hanging and folded up or tied,Bed frame (finished),Yes,,,Adolescent (10-19),0.0,0.0,0.0,1.0,0.0,Every night (7 nights),Yes,2.0,Soap,Outside on line,Yes,Rats or mice,0.0,0.0,0.0,1.0,0.0,0.0,0.0,1.0,0.0,0.0,0.0,0.0,0.0,No,,,25,Vestagaard LLIN Durability Survey,17,476046369,f516e2e0-73e7-4403-9c61-f41c98e5f9f0,2025-05-08 14:28:41,,,submitted_via_web,llindurability,vpjEKsNjxLbpWFGNanVwTp,,12211011_GD062,2025-05-08
12211011,1,PermaNet Dual,Rectangular,All white,December,GD062,Hanging and folded up or tied,Bed frame (finished),Yes,,,Adolescent (10-19),0.0,0.0,0.0,1.0,0.0,Every night (7 nights),Yes,2.0,Soap,Outside on line,Yes,Rats or mice,0.0,0.0,0.0,1.0,0.0,0.0,0.0,1.0,0.0,0.0,0.0,0.0,0.0,No,,,25,Vestagaard LLIN Durability Survey,17,476046369,f516e2e0-73e7-4403-9c61-f41c98e5f9f0,2025-05-08 14:28:41,,,submitted_via_web,llindurability,vpjEKsNjxLbpWFGNanVwTp,,12211011_GD062,2025-05-08
12211011,2,PermaNet Dual,Rectangular,All white,December,GD063,Hanging loose over sleeping place,Bed frame (finished),Yes,,,Adult,0.0,0.0,0.0,0.0,1.0,Every night (7 nights),Yes,2.0,Soap,Outside on line,No,,,,,,,,,,,,,,,No,,,26,Vestagaard LLIN Durability Survey,17,476046369,f516e2e0-73e7-4403-9c61-f41c98e5f9f0,2025-05-08 14:28:41,,,submitted_via_web,llindurability,vpjEKsNjxLbpWFGNanVwTp,,12211011_GD063,2025-05-08
12211011,2,PermaNet Dual,Rectangular,All white,December,GD063,Hanging loose over sleeping place,Bed frame (finished),Yes,,,Adult,0.0,0.0,0.0,0.0,1.0,Every night (7 nights),Yes,2.0,Soap,Outside on line,No,,,,,,,,,,,,,,,No,,,26,Vestagaard LLIN Durability Survey,17,476046369,f516e2e0-73e7-4403-9c61-f41c98e5f9f0,2025-05-08 14:28:41,,,submitted_via_web,llindurability,vpjEKsNjxLbpWFGNanVwTp,,12211011_GD063,2025-05-08
12210509,1,PermaNet Dual,Rectangular,All white,November,GD107,Stored away unpacked,Never used,,,,,,,,,,,No,,,,No,,,,,,,,,,,,,,,No,,,27,Vestagaard LLIN Durability Survey,18,476095230,919b2941-925d-4822-befc-4c4bbba8e57c,2025-05-08 15:59:29,,,submitted_via_web,llindurability,vpjEKsNjxLbpWFGNanVwTp,,12210509_GD107,2025-05-08
12210509,2,PermaNet Dual,Rectangular,All white,November,GD108,Hanging and folded up or tied,Ground,No,Other,Other net type was being used,,,,,,,Net is not used at all,No,,,,No,,,,,,,,,,,,,,,No,,,28,Vestagaard LLIN Durability Survey,18,476095230,919b2941-925d-4822-befc-4c4bbba8e57c,2025-05-08 15:59:29,,,submitted_via_web,llindurability,vpjEKsNjxLbpWFGNanVwTp,,12210509_GD108,2025-05-08
12210509,3,PermaNet Dual,Rectangular,All white,November,GD109,Hanging and folded up or tied,Ground,Yes,,,Adolescent (10-19),0.0,0.0,0.0,1.0,0.0,Every night (7 nights),Yes,1.0,Soap,Outside under shed,No,,,,,,,,,,,,,,,No,,,29,Vestagaard LLIN Durability Survey,18,476095230,919b2941-925d-4822-befc-4c4bbba8e57c,2025-05-08 15:59:29,,,submitted_via_web,llindurability,vpjEKsNjxLbpWFGNanVwTp,,12210509_GD109,2025-05-08
12210509,4,PermaNet Dual,Rectangular,All white,November,GD110,Hanging loose over sleeping place,Foam mattress,Yes,,,Young child (1-4 yrs),0.0,1.0,0.0,0.0,0.0,Every night (7 nights),Yes,2.0,Soap,Outside under shed,Yes,Rats or mice Torn on object,1.0,0.0,0.0,1.0,0.0,0.0,0.0,5.0,2.0,0.0,0.0,0.0,0.0,No,,,30,Vestagaard LLIN Durability Survey,18,476095230,919b2941-925d-4822-befc-4c4bbba8e57c,2025-05-08 15:59:29,,,submitted_via_web,llindurability,vpjEKsNjxLbpWFGNanVwTp,,12210509_GD110,2025-05-08
12210509,5,PermaNet Dual,Rectangular,All white,November,GD111,Hanging loose over sleeping place,Ground,Yes,,,Young child (1-4 yrs),0.0,1.0,0.0,0.0,0.0,Every night (7 nights),Yes,2.0,Soap,Outside under shed,Yes,Torn on object Rats or mice,1.0,0.0,0.0,1.0,0.0,0.0,0.0,4.0,0.0,0.0,0.0,0.0,0.0,No,,,31,Vestagaard LLIN Durability Survey,18,476095230,919b2941-925d-4822-befc-4c4bbba8e57c,2025-05-08 15:59:29,,,submitted_via_web,llindurability,vpjEKsNjxLbpWFGNanVwTp,,12210509_GD111,2025-05-08
12210516,1,PermaNet Dual,Rectangular,All white,November,GD112,Hanging loose over sleeping place,Foam mattress,Yes,,,Adult Infant (<1 yr),1.0,0.0,0.0,0.0,1.0,Every night (7 nights),Yes,3.0,Soap,Outside under shed,Yes,Torn on object,1.0,0.0,0.0,0.0,0.0,0.0,0.0,0.0,0.0,0.0,0.0,0.0,0.0,No,,,32,Vestagaard LLIN Durability Survey,19,476095242,736332d6-150e-491c-b3e0-2bf2e9c6a7db,2025-05-08 15:59:30,,,submitted_via_web,llindurability,vpjEKsNjxLbpWFGNanVwTp,,12210516_GD112,2025-05-08
12210502,1,PermaNet Dual,Rectangular,All white,November,GD113,Hanging loose over sleeping place,Bed frame (sticks),Yes,,,Adult,0.0,0.0,0.0,0.0,1.0,Every night (7 nights),Yes,3.0,Soap,Outside under shed,Yes,Torn on object Pulled and tore,1.0,1.0,0.0,0.0,0.0,0.0,0.0,25.0,2.0,0.0,0.0,0.0,0.0,No,,,33,Vestagaard LLIN Durability Survey,20,476095250,0320ba45-31ce-4128-9ff7-2523474a3afc,2025-05-08 15:59:31,,,submitted_via_web,llindurability,vpjEKsNjxLbpWFGNanVwTp,,12210502_GD113,2025-05-08
12210502,2,PermaNet Dual,Rectangular,All white,November,GD114,Stored away unpacked,Never used,,,,,,,,,,,No,,,,No,,,,,,,,,,,,,,,No,,,34,Vestagaard LLIN Durability Survey,20,476095250,0320ba45-31ce-4128-9ff7-2523474a3afc,2025-05-08 15:59:31,,,submitted_via_web,llindurability,vpjEKsNjxLbpWFGNanVwTp,,12210502_GD114,2025-05-08
12210511,1,PermaNet Dual,Rectangular,All white,November,GD115,Stored away unpacked,Ground,No,Other,House still under repair,,,,,,,Not used last week,Yes,1.0,Soap,Outside under shed,Yes,Torn on object Pulled and tore,1.0,1.0,0.0,0.0,0.0,0.0,0.0,1.0,2.0,0.0,0.0,0.0,0.0,No,,,35,Vestagaard LLIN Durability Survey,21,476095255,c8cd5f01-a00c-48de-8ffa-7416458aae6f,2025-05-08 15:59:32,,,submitted_via_web,llindurability,vpjEKsNjxLbpWFGNanVwTp,,12210511_GD115,2025-05-08
12210511,2,PermaNet Dual,Rectangular,All white,November,GD116,Hanging loose over sleeping place,Foam mattress,Yes,,,Adult,0.0,0.0,0.0,0.0,1.0,Every night (7 nights),Yes,2.0,Soap,Outside under shed,Yes,Torn on object Pulled and tore,1.0,1.0,0.0,0.0,0.0,0.0,0.0,1.0,1.0,1.0,0.0,0.0,0.0,No,,,36,Vestagaard LLIN Durability Survey,21,476095255,c8cd5f01-a00c-48de-8ffa-7416458aae6f,2025-05-08 15:59:32,,,submitted_via_web,llindurability,vpjEKsNjxLbpWFGNanVwTp,,12210511_GD116,2025-05-08
12210514,1,PermaNet Dual,Rectangular,All white,November,GD117,Hanging and folded up or tied,Ground,No,Net was not needed last night,,,,,,,,Some nights (1-4),Yes,2.0,Soap,Outside bush or fence,Yes,Torn on object Pulled and tore,1.0,1.0,0.0,0.0,0.0,0.0,0.0,6.0,2.0,0.0,0.0,0.0,0.0,No,,,37,Vestagaard LLIN Durability Survey,22,476095265,a392b90d-edd5-461f-9334-8e9c63c07884,2025-05-08 15:59:32,,,submitted_via_web,llindurability,vpjEKsNjxLbpWFGNanVwTp,,12210514_GD117,2025-05-08
12210524,1,PermaNet Dual,Rectangular,All white,November,GD118,Hanging loose over sleeping place,Foam mattress,Yes,,,Young child (1-4 yrs),0.0,1.0,0.0,0.0,0.0,Every night (7 nights),Yes,2.0,Soap,Outside bush or fence,Yes,Torn on object Pulled and tore,1.0,1.0,0.0,0.0,0.0,0.0,0.0,3.0,0.0,0.0,0.0,0.0,0.0,No,,,38,Vestagaard LLIN Durability Survey,23,476095274,9e2d9782-9a30-4f65-bade-81403f624b1e,2025-05-08 15:59:33,,,submitted_via_web,llindurability,vpjEKsNjxLbpWFGNanVwTp,,12210524_GD118,2025-05-08
12210519,1,PermaNet Dual,Rectangular,All white,November,GD121,Stored away unpacked,Ground,No,Other,Bird bag,,,,,,,Not used last week,Yes,2.0,Soap,Outside bush or fence,Yes,Do not recall,0.0,0.0,0.0,0.0,0.0,0.0,1.0,0.0,0.0,0.0,0.0,0.0,0.0,No,,,39,Vestagaard LLIN Durability Survey,24,476095285,96d3a809-6de7-425a-ba4f-7ea815812c03,2025-05-08 15:59:34,,,submitted_via_web,llindurability,vpjEKsNjxLbpWFGNanVwTp,,12210519_GD121,2025-05-08
12210519,2,PermaNet Dual,Rectangular,All white,November,GD119,Stored away unpacked,Ground,No,Other,Bird bag attacks ,,,,,,,Not used last week,Yes,1.0,Soap,Outside bush or fence,Yes,Do not recall,0.0,0.0,0.0,0.0,0.0,0.0,1.0,0.0,0.0,0.0,0.0,0.0,0.0,No,,,40,Vestagaard LLIN Durability Survey,24,476095285,96d3a809-6de7-425a-ba4f-7ea815812c03,2025-05-08 15:59:34,,,submitted_via_web,llindurability,vpjEKsNjxLbpWFGNanVwTp,,12210519_GD119,2025-05-08
12210519,3,PermaNet Dual,Rectangular,All white,November,GD122,Hanging loose over sleeping place,Foam mattress,Yes,,,Adult,0.0,0.0,0.0,0.0,1.0,Every night (7 nights),Yes,2.0,Soap,Outside bush or fence,Yes,Pulled and tore,0.0,1.0,0.0,0.0,0.0,0.0,0.0,49.0,3.0,0.0,0.0,0.0,0.0,No,,,41,Vestagaard LLIN Durability Survey,24,476095285,96d3a809-6de7-425a-ba4f-7ea815812c03,2025-05-08 15:59:34,,,submitted_via_web,llindurability,vpjEKsNjxLbpWFGNanVwTp,,12210519_GD122,2025-05-08
12210311,1,PermaNet Dual,Rectangular,All white,December,GD157,Hanging loose over sleeping place,Reed mat,Yes,,,Adult,0.0,0.0,0.0,0.0,1.0,Every night (7 nights),Yes,6.0,Soap,Outside under shed,Yes,Torn on object,1.0,0.0,0.0,0.0,0.0,0.0,0.0,2.0,1.0,0.0,0.0,0.0,0.0,No,,,42,Vestagaard LLIN Durability Survey,25,476114801,1e451d0b-83a0-4916-81ec-4ef2be30b5ec,2025-05-08 16:38:57,,,submitted_via_web,llindurability,vupRbCWxBHapXL9iYfNLMt,,12210311_GD157,2025-05-08
12210311,2,PermaNet Dual,Rectangular,All white,December,GD158,Hanging loose over sleeping place,Bed frame (sticks),Yes,,,Adult,0.0,0.0,0.0,0.0,1.0,Every night (7 nights),Yes,4.0,Soap,Outside under shed,Yes,Torn on object Pulled and tore,1.0,1.0,0.0,0.0,0.0,0.0,0.0,3.0,1.0,0.0,0.0,0.0,0.0,No,,,43,Vestagaard LLIN Durability Survey,25,476114801,1e451d0b-83a0-4916-81ec-4ef2be30b5ec,2025-05-08 16:38:57,,,submitted_via_web,llindurability,vupRbCWxBHapXL9iYfNLMt,,12210311_GD158,2025-05-08
12210302,1,PermaNet Dual,Rectangular,All white,November,GD159,Hanging and folded up or tied,Reed mat,Yes,,,Adult,0.0,0.0,0.0,0.0,1.0,Every night (7 nights),Yes,3.0,Soap,Outside bush or fence,No,,,,,,,,,,,,,,,No,,,44,Vestagaard LLIN Durability Survey,26,476114807,75f32737-3897-4431-808e-9dd0ddf3204b,2025-05-08 16:38:58,,,submitted_via_web,llindurability,vupRbCWxBHapXL9iYfNLMt,,12210302_GD159,2025-05-08
12210301,1,PermaNet Dual,Rectangular,All white,December,GD160,Hanging and folded up or tied,Reed mat,Yes,,,Adult Young child (1-4 yrs),0.0,1.0,0.0,0.0,1.0,Every night (7 nights),Yes,3.0,Soap,Outside bush or fence,No,,,,,,,,,,,,,,,No,,,45,Vestagaard LLIN Durability Survey,27,476114813,7018509f-2bf6-40a2-be03-7c887e91a50d,2025-05-08 16:38:58,,,submitted_via_web,llindurability,vupRbCWxBHapXL9iYfNLMt,,12210301_GD160,2025-05-08
12210306,1,PermaNet Dual,Rectangular,All white,December,GD161,Hanging and folded up or tied,Reed mat,Yes,,,Adolescent (10-19),0.0,0.0,0.0,1.0,0.0,Every night (7 nights),Yes,4.0,Soap,Outside bush or fence,Yes,Torn on object Pulled and tore,1.0,1.0,0.0,0.0,0.0,0.0,0.0,7.0,1.0,1.0,1.0,0.0,0.0,No,,,46,Vestagaard LLIN Durability Survey,28,476114814,f9ead7b7-dbd2-45fb-a9f8-3c8ba7c8b64d,2025-05-08 16:38:59,,,submitted_via_web,llindurability,vupRbCWxBHapXL9iYfNLMt,,12210306_GD161,2025-05-08
12210306,2,PermaNet Dual,Rectangular,All white,December,GD162,Hanging and folded up or tied,Foam mattress,Yes,,,Adolescent (10-19),0.0,0.0,0.0,1.0,0.0,Every night (7 nights),Yes,6.0,Soap,Outside bush or fence,No,,,,,,,,,,,,,,,No,,,47,Vestagaard LLIN Durability Survey,28,476114814,f9ead7b7-dbd2-45fb-a9f8-3c8ba7c8b64d,2025-05-08 16:38:59,,,submitted_via_web,llindurability,vupRbCWxBHapXL9iYfNLMt,,12210306_GD162,2025-05-08
12210306,3,PermaNet Dual,Rectangular,All white,December,GD163,Hanging and folded up or tied,Bed frame (sticks),Yes,,,Adult,0.0,0.0,0.0,0.0,1.0,Every night (7 nights),Yes,4.0,Soap,Outside bush or fence,No,,,,,,,,,,,,,,,No,,,48,Vestagaard LLIN Durability Survey,28,476114814,f9ead7b7-dbd2-45fb-a9f8-3c8ba7c8b64d,2025-05-08 16:38:59,,,submitted_via_web,llindurability,vupRbCWxBHapXL9iYfNLMt,,12210306_GD163,2025-05-08
12210317,1,PermaNet Dual,Rectangular,All white,December,GD164,Not hanging but not stored,Never used,,,,,,,,,,,No,,,,No,,,,,,,,,,,,,,,No,,,49,Vestagaard LLIN Durability Survey,29,476114818,102f75f3-14e2-4adb-a009-1353c660227f,2025-05-08 16:39:00,,,submitted_via_web,llindurability,vupRbCWxBHapXL9iYfNLMt,,12210317_GD164,2025-05-08
12210308,1,PermaNet Dual,Rectangular,All white,November,GD166,Not hanging but not stored,Foam mattress,Yes,,,Adult,0.0,0.0,0.0,0.0,1.0,Every night (7 nights),Yes,4.0,Soap,Outside bush or fence,No,,,,,,,,,,,,,,,No,,,50,Vestagaard LLIN Durability Survey,30,476114824,c36beb53-ec5b-4577-b2c2-25dd2b4e22fd,2025-05-08 16:39:01,,,submitted_via_web,llindurability,vupRbCWxBHapXL9iYfNLMt,,12210308_GD166,2025-05-08
12210319,1,PermaNet Dual,Rectangular,All white,December,GD167,Not hanging but not stored,Foam mattress,Yes,,,Adult,0.0,0.0,0.0,0.0,1.0,Every night (7 nights),Yes,6.0,Soap,Outside bush or fence,No,,,,,,,,,,,,,,,No,,,51,Vestagaard LLIN Durability Survey,31,476114832,72f13e47-2aa0-4688-b487-762f1388eda8,2025-05-08 16:39:02,,,submitted_via_web,llindurability,vupRbCWxBHapXL9iYfNLMt,,12210319_GD167,2025-05-08
12211104,1,PermaNet Dual,Rectangular,All white,November,GD011,Hanging loose over sleeping place,Foam mattress,Yes,,,Adult,0.0,0.0,0.0,0.0,1.0,Every night (7 nights),Yes,5.0,Soap,Outside on line,Yes,Rats or mice,0.0,0.0,0.0,1.0,0.0,0.0,0.0,0.0,2.0,1.0,0.0,0.0,0.0,No,,,52,Vestagaard LLIN Durability Survey,32,476165641,a628e12d-4c96-4eff-bd1b-bf8873bb9ca3,2025-05-08 18:38:26,,,submitted_via_web,llindurability,vpjEKsNjxLbpWFGNanVwTp,,12211104_GD011,2025-05-08
12211104,2,PermaNet Dual,Rectangular,All white,November,GD012,Stored away still in package,,,,,,,,,,,,,,,,,,,,,,,,,,,,,,,,,,53,Vestagaard LLIN Durability Survey,32,476165641,a628e12d-4c96-4eff-bd1b-bf8873bb9ca3,2025-05-08 18:38:26,,,submitted_via_web,llindurability,vpjEKsNjxLbpWFGNanVwTp,,12211104_GD012,2025-05-08
12211104,3,PermaNet Dual,Rectangular,All white,November,GD013,Stored away still in package,,,,,,,,,,,,,,,,,,,,,,,,,,,,,,,,,,54,Vestagaard LLIN Durability Survey,32,476165641,a628e12d-4c96-4eff-bd1b-bf8873bb9ca3,2025-05-08 18:38:26,,,submitted_via_web,llindurability,vpjEKsNjxLbpWFGNanVwTp,,12211104_GD013,2025-05-08
12211104,4,PermaNet Dual,Rectangular,All white,November,GD014,Stored away still in package,,,,,,,,,,,,,,,,,,,,,,,,,,,,,,,,,,55,Vestagaard LLIN Durability Survey,32,476165641,a628e12d-4c96-4eff-bd1b-bf8873bb9ca3,2025-05-08 18:38:26,,,submitted_via_web,llindurability,vpjEKsNjxLbpWFGNanVwTp,,12211104_GD014,2025-05-08
12211103,1,PermaNet Dual,Rectangular,All white,November,GD015,Hanging loose over sleeping place,Foam mattress,Yes,,,Adult,0.0,0.0,0.0,0.0,1.0,Every night (7 nights),Yes,3.0,Soap,Outside bush or fence,No,,,,,,,,,,,,,,,No,,,56,Vestagaard LLIN Durability Survey,33,476165649,230b6a2f-eab4-4d2e-9ec9-e5bba9d22a0a,2025-05-08 18:38:27,,,submitted_via_web,llindurability,vpjEKsNjxLbpWFGNanVwTp,,12211103_GD015,2025-05-08
12211103,2,PermaNet Dual,Rectangular,All white,November,GD016,Stored away still in package,,,,,,,,,,,,,,,,,,,,,,,,,,,,,,,,,,57,Vestagaard LLIN Durability Survey,33,476165649,230b6a2f-eab4-4d2e-9ec9-e5bba9d22a0a,2025-05-08 18:38:27,,,submitted_via_web,llindurability,vpjEKsNjxLbpWFGNanVwTp,,12211103_GD016,2025-05-08
12211112,1,PermaNet Dual,Rectangular,All white,November,GD017,Hanging loose over sleeping place,Foam mattress,No,Other,Still being kept,,,,,,,Net is not used at all,No,,,,No,,,,,,,,,,,,,,,No,,,58,Vestagaard LLIN Durability Survey,34,476165656,4067a9bd-6ac0-4b54-b7dd-fbd8d11d93f8,2025-05-08 18:38:29,,,submitted_via_web,llindurability,vpjEKsNjxLbpWFGNanVwTp,,12211112_GD017,2025-05-08
12211106,1,PermaNet Dual,Rectangular,All white,November,GD018,Hanging loose over sleeping place,Foam mattress,Yes,,,Adult Young child (1-4 yrs),0.0,1.0,0.0,0.0,1.0,Every night (7 nights),Yes,4.0,Soap,Outside bush or fence,Yes,Rats or mice,0.0,0.0,0.0,1.0,0.0,0.0,0.0,1.0,0.0,0.0,0.0,0.0,0.0,No,,,59,Vestagaard LLIN Durability Survey,35,476165659,1f98f373-a68e-4445-b90f-3beb3fa43f16,2025-05-08 18:38:30,,,submitted_via_web,llindurability,vpjEKsNjxLbpWFGNanVwTp,,12211106_GD018,2025-05-08
12211110,1,PermaNet Dual,Rectangular,All white,November,GD019,Hanging loose over sleeping place,Reed mat,Yes,,,Adult,0.0,0.0,0.0,0.0,1.0,Every night (7 nights),Yes,4.0,Detergent (OMO etc),Outside bush or fence,Yes,Rats or mice,0.0,0.0,0.0,1.0,0.0,0.0,0.0,0.0,2.0,1.0,0.0,0.0,0.0,No,,,60,Vestagaard LLIN Durability Survey,36,476165664,fe466f42-3ccb-4ab4-b94d-b566c0f8262b,2025-05-08 18:38:30,,,submitted_via_web,llindurability,vpjEKsNjxLbpWFGNanVwTp,,12211110_GD019,2025-05-08
12211118,1,PermaNet Dual,Rectangular,All white,November,GD020,Hanging loose over sleeping place,Foam mattress,Yes,,,Adult Infant (<1 yr),1.0,0.0,0.0,0.0,1.0,Every night (7 nights),Yes,4.0,Soap,Outside on line,No,,,,,,,,,,,,,,,No,,,61,Vestagaard LLIN Durability Survey,37,476165672,778f1ec3-f918-4cc4-b919-9a718808544b,2025-05-08 18:38:32,,,submitted_via_web,llindurability,vpjEKsNjxLbpWFGNanVwTp,,12211118_GD020,2025-05-08
12211118,2,PermaNet Dual,Rectangular,All white,November,GD021,Hanging loose over sleeping place,Reed mat,Yes,,,Older child (5-9 yrs) Adolescent (10-19),0.0,0.0,1.0,1.0,0.0,Every night (7 nights),Yes,5.0,Soap,Outside bush or fence,Yes,Torn on object Rats or mice,1.0,0.0,0.0,1.0,0.0,0.0,0.0,3.0,1.0,1.0,0.0,0.0,0.0,No,,,62,Vestagaard LLIN Durability Survey,37,476165672,778f1ec3-f918-4cc4-b919-9a718808544b,2025-05-08 18:38:32,,,submitted_via_web,llindurability,vpjEKsNjxLbpWFGNanVwTp,,12211118_GD021,2025-05-08
12211124,1,PermaNet Dual,Rectangular,All white,November,GD022,Hanging loose over sleeping place,Foam mattress,Yes,,,Adult,0.0,0.0,0.0,0.0,1.0,Every night (7 nights),Yes,2.0,Soap,Outside bush or fence,No,,,,,,,,,,,,,,,No,,,63,Vestagaard LLIN Durability Survey,38,476165675,56cbcde3-5515-4665-9114-91e39b223a75,2025-05-08 18:38:33,,,submitted_via_web,llindurability,vpjEKsNjxLbpWFGNanVwTp,,12211124_GD022,2025-05-08
12211122,1,PermaNet Dual,Rectangular,All white,November,GD023,Hanging loose over sleeping place,Foam mattress,Yes,,,Adult Infant (<1 yr),1.0,0.0,0.0,0.0,1.0,Every night (7 nights),Yes,3.0,Soap,Outside on line,No,,,,,,,,,,,,,,,No,,,64,Vestagaard LLIN Durability Survey,39,476165682,0bea4b4e-6f0d-4d02-b162-cfeffef55f3f,2025-05-08 18:38:33,,,submitted_via_web,llindurability,vpjEKsNjxLbpWFGNanVwTp,,12211122_GD023,2025-05-08
12211122,2,PermaNet Dual,Rectangular,All white,November,GD024,Hanging loose over sleeping place,Foam mattress,Yes,,,Older child (5-9 yrs),0.0,0.0,1.0,0.0,0.0,Every night (7 nights),Yes,4.0,Soap,Outside on line,No,,,,,,,,,,,,,,,No,,,65,Vestagaard LLIN Durability Survey,39,476165682,0bea4b4e-6f0d-4d02-b162-cfeffef55f3f,2025-05-08 18:38:33,,,submitted_via_web,llindurability,vpjEKsNjxLbpWFGNanVwTp,,12211122_GD024,2025-05-08
12211122,3,PermaNet Dual,Rectangular,All white,November,GD025,Hanging loose over sleeping place,Reed mat,Yes,,,Adolescent (10-19),0.0,0.0,0.0,1.0,0.0,Every night (7 nights),Yes,4.0,Soap,Outside on line,No,,,,,,,,,,,,,,,No,,,66,Vestagaard LLIN Durability Survey,39,476165682,0bea4b4e-6f0d-4d02-b162-cfeffef55f3f,2025-05-08 18:38:33,,,submitted_via_web,llindurability,vpjEKsNjxLbpWFGNanVwTp,,12211122_GD025,2025-05-08
12211116,1,PermaNet Dual,Rectangular,All white,November,GD026,Hanging loose over sleeping place,Foam mattress,Yes,,,Adult Infant (<1 yr),1.0,0.0,0.0,0.0,1.0,Every night (7 nights),Yes,4.0,Soap,Outside bush or fence,No,,,,,,,,,,,,,,,No,,,67,Vestagaard LLIN Durability Survey,40,476165687,1731d12d-ea97-49fb-af84-56904a0e5ff6,2025-05-08 18:38:34,,,submitted_via_web,llindurability,vpjEKsNjxLbpWFGNanVwTp,,12211116_GD026,2025-05-08
12211116,2,PermaNet Dual,Rectangular,All white,November,GD027,Stored away still in package,,,,,,,,,,,,,,,,,,,,,,,,,,,,,,,,,,68,Vestagaard LLIN Durability Survey,40,476165687,1731d12d-ea97-49fb-af84-56904a0e5ff6,2025-05-08 18:38:34,,,submitted_via_web,llindurability,vpjEKsNjxLbpWFGNanVwTp,,12211116_GD027,2025-05-08
12211120,1,PermaNet Dual,Rectangular,All white,November,GD028,Hanging loose over sleeping place,Foam mattress,Yes,,,Adult,0.0,0.0,0.0,0.0,1.0,Every night (7 nights),Yes,5.0,Soap,Outside bush or fence,No,,,,,,,,,,,,,,,No,,,69,Vestagaard LLIN Durability Survey,41,476165690,d70c10f4-44cf-4b4f-9b7f-37a46fc4ee8b,2025-05-08 18:38:35,,,submitted_via_web,llindurability,vpjEKsNjxLbpWFGNanVwTp,,12211120_GD028,2025-05-08
12211102,1,PermaNet Dual,Rectangular,All white,November,GD030,Hanging loose over sleeping place,Foam mattress,Yes,,,Adult,0.0,0.0,0.0,0.0,1.0,Every night (7 nights),Yes,5.0,Soap,Outside on line,Yes,Rats or mice,0.0,0.0,0.0,1.0,0.0,0.0,0.0,3.0,1.0,1.0,0.0,0.0,0.0,No,,,70,Vestagaard LLIN Durability Survey,42,476165694,8ef9ba80-0577-4493-af56-7a74fd6c0658,2025-05-08 18:38:36,,,submitted_via_web,llindurability,vpjEKsNjxLbpWFGNanVwTp,,12211102_GD030,2025-05-08
12211102,2,PermaNet Dual,Rectangular,All white,November,GD029,Hanging loose over sleeping place,Foam mattress,Yes,,,Adolescent (10-19),0.0,0.0,0.0,1.0,0.0,Every night (7 nights),Yes,5.0,Soap,Outside on line,No,,,,,,,,,,,,,,,No,,,71,Vestagaard LLIN Durability Survey,42,476165694,8ef9ba80-0577-4493-af56-7a74fd6c0658,2025-05-08 18:38:36,,,submitted_via_web,llindurability,vpjEKsNjxLbpWFGNanVwTp,,12211102_GD029,2025-05-08
